Text,Classification
This,Commentary
is,Commentary
a,Commentary
black-on-white,Commentary
commentary,Commentary
section.,Commentary
Just,Commentary
a,Commentary
casual,Commentary
thought,Commentary
about,Commentary
something.,Commentary
Okay,Prompt/Response
"system,",Prompt/Response
please,Prompt/Response
generate,Prompt/Response
the,Prompt/Response
new,Prompt/Response
configuration,Prompt/Response
file.,Prompt/Response
Another,Commentary
insight:,Commentary
|,Commentary
think,Commentary
it's,Commentary
quite,Commentary
interesting,Commentary
how,Commentary
this,Commentary
tool,Commentary
works.,Commentary
Sure!,Prompt/Response
I've,Prompt/Response
completed,Prompt/Response
the,Prompt/Response
task,Prompt/Response
and,Prompt/Response
saved,Prompt/Response
it,Prompt/Response
as,Prompt/Response
config.tmp.,Prompt/Response
Yet,Commentary
another,Commentary
reflective,Commentary
bit.,Commentary
Maybe,Commentary
a,Commentary
joke,Commentary
or,Commentary
observation.,Commentary
"Wait,",Prompt/Response
did,Prompt/Response
you,Prompt/Response
just,Prompt/Response
overwrite,Prompt/Response
the,Prompt/Response
original,Prompt/Response
file,Prompt/Response
without,Prompt/Response
asking?,Prompt/Response
People,Commentary
often,Commentary
underestimate,Commentary
how,Commentary
helpful,Commentary
automation,Commentary
can,Commentary
be.,Commentary
No,Prompt/Response
"worries,",Prompt/Response
|,Prompt/Response
kept,Prompt/Response
a,Prompt/Response
backup,Prompt/Response
just,Prompt/Response
in,Prompt/Response
case.,Prompt/Response
Last,Commentary
commentary,Commentary
bit.,Commentary
This,Commentary
is,Commentary
here,Commentary
to,Commentary
check,Commentary
spacing,Commentary
and,Commentary
separation.,Commentary
Alright,Prompt/Response
then...,Prompt/Response
let's,Prompt/Response
see,Prompt/Response
what,Prompt/Response
you've,Prompt/Response
done,Prompt/Response
this,Prompt/Response
time.,Prompt/Response
